Date,Open,High,Low,Close,Volume,Close_Time,Number_of_Trades,tomorrow,target
2021-01-01,28923.63,29600.0,28624.57,29331.69,54182.925011,1609545599999,1314910,32178.33,1
2021-01-02,29331.7,33300.0,28946.53,32178.33,129993.873362,1609631999999,2245922,33000.05,1
2021-01-03,32176.45,34778.11,31962.99,33000.05,120957.56675,1609718399999,2369698,31988.71,0
2021-01-04,33000.05,33600.0,28130.0,31988.71,140899.88569,1609804799999,2642408,33949.53,1
2021-01-05,31989.75,34360.0,29900.0,33949.53,116049.997038,1609891199999,2526851,36769.36,1
2021-01-06,33949.53,36939.21,33288.0,36769.36,127139.20131,1609977599999,2591783,39432.28,1
2021-01-07,36769.36,40365.0,36300.0,39432.28,132825.700437,1610063999999,2814686,40582.81,1
2021-01-08,39432.48,41950.0,36500.0,40582.81,139789.957499,1610150399999,2925632,40088.22,0
2021-01-09,40586.96,41380.0,38720.0,40088.22,75785.979675,1610236799999,1998156,38150.02,0
2021-01-10,40088.22,41350.0,35111.11,38150.02,118209.544503,1610323199999,2628050,35404.47,0
2021-01-11,38150.02,38264.74,30420.0,35404.47,251156.138287,1610409599999,4472957,34051.24,0
2021-01-12,35410.37,36628.0,32531.0,34051.24,133948.151996,1610495999999,2674145,37371.38,1
2021-01-13,34049.15,37850.0,32380.0,37371.38,124477.914938,1610582399999,2514289,39144.5,1
2021-01-14,37371.38,40100.0,36701.23,39144.5,102950.389421,1610668799999,2297466,36742.22,0
2021-01-15,39145.21,39747.76,34408.0,36742.22,118300.920916,1610755199999,2560801,35994.98,0
2021-01-16,36737.43,37950.0,35357.8,35994.98,86348.431508,1610841599999,2066363,35828.61,0
2021-01-17,35994.98,36852.5,33850.0,35828.61,80157.727384,1610927999999,1860642,36631.27,1
2021-01-18,35824.99,37469.83,34800.0,36631.27,70698.11875,1611014399999,1707766,35891.49,0
2021-01-19,36622.46,37850.0,35844.06,35891.49,79611.307769,1611100799999,1939371,35468.23,0
2021-01-20,35901.94,36415.31,33400.0,35468.23,89368.422918,1611187199999,2234539,30850.13,0
2021-01-21,35468.23,35600.0,30071.0,30850.13,135004.076658,1611273599999,2881505,32945.17,1
2021-01-22,30851.99,33826.53,28850.0,32945.17,142971.684049,1611359999999,2707810,32078.0,0
2021-01-23,32950.0,33456.0,31390.16,32078.0,64595.287675,1611446399999,1700056,32259.9,1
2021-01-24,32078.0,33071.0,30900.0,32259.9,57978.037966,1611532799999,1528287,32254.2,0
2021-01-25,32259.45,34875.0,31910.0,32254.2,88499.226921,1611619199999,2106548,32467.77,1
2021-01-26,32254.19,32921.88,30837.37,32467.77,84972.20691,1611705599999,2010392,30366.15,0
2021-01-27,32464.01,32557.29,29241.72,30366.15,95911.961711,1611791999999,2065953,33364.86,1
2021-01-28,30362.19,33783.98,29842.1,33364.86,92621.145617,1611878399999,2060660,34252.2,1
2021-01-29,33368.18,38531.9,31915.4,34252.2,231827.005626,1611964799999,4403349,34262.88,1
2021-01-30,34246.28,34933.0,32825.0,34262.88,84889.68134,1612051199999,2201040,33092.98,0
2021-01-31,34262.89,34342.69,32171.67,33092.98,68742.280384,1612137599999,1707064,33526.37,1
2021-02-01,33092.97,34717.27,32296.16,33526.37,82718.276882,1612223999999,1810492,35466.24,1
2021-02-02,33517.09,35984.33,33418.0,35466.24,78056.65988,1612310399999,1789672,37618.87,1
2021-02-03,35472.71,37662.63,35362.38,37618.87,80784.333663,1612396799999,1881740,36936.66,0
2021-02-04,37620.26,38708.27,36161.95,36936.66,92080.735898,1612483199999,2211866,38290.24,1
2021-02-05,36936.65,38310.12,36570.0,38290.24,66681.334275,1612569599999,1853253,39186.94,1
2021-02-06,38289.32,40955.51,38215.94,39186.94,98757.311183,1612655999999,2291646,38795.69,0
2021-02-07,39181.01,39700.0,37351.0,38795.69,84363.679763,1612742399999,1976357,46374.87,1
2021-02-08,38795.69,46794.45,37988.89,46374.87,138597.536914,1612828799999,3230961,46420.42,1
2021-02-09,46374.86,48142.19,44961.09,46420.42,115499.861712,1612915199999,3119034,44807.58,0
2021-02-10,46420.42,47310.0,43727.0,44807.58,97154.1822,1613001599999,2891592,47969.51,1
2021-02-11,44807.58,48678.9,43994.02,47969.51,89561.081454,1613087999999,2570949,47287.6,0
2021-02-12,47968.66,48985.8,46125.0,47287.6,85870.035697,1613174399999,2418841,47153.69,0
2021-02-13,47298.15,48150.0,46202.53,47153.69,63768.097399,1613260799999,2058823,48577.79,1
2021-02-14,47156.78,49707.43,47014.17,48577.79,73735.475533,1613347199999,2090070,47911.1,0
2021-02-15,48580.47,49010.92,45570.79,47911.1,79398.156784,1613433599999,2313155,49133.45,1
2021-02-16,47911.1,50689.18,47003.62,49133.45,88813.266298,1613519999999,2199849,52119.71,1
2021-02-17,49133.45,52618.74,48947.0,52119.71,85743.637818,1613606399999,2514374,51552.6,0
2021-02-18,52117.67,52530.0,50901.9,51552.6,60758.046954,1613692799999,1891592,55906.0,1
2021-02-19,51552.61,56368.0,50710.2,55906.0,79659.77802,1613779199999,2339215,55841.19,0
2021-02-20,55906.0,57700.46,53863.93,55841.19,80948.205314,1613865599999,2642846,57408.57,1
2021-02-21,55841.19,58352.8,55477.59,57408.57,58166.708511,1613951999999,1950533,54087.67,0
2021-02-22,57412.35,57508.47,47622.0,54087.67,134019.434944,1614038399999,3313083,48891.0,0
2021-02-23,54087.67,54183.59,44892.56,48891.0,169375.025051,1614124799999,3825196,49676.2,1
2021-02-24,48891.0,51374.99,46988.69,49676.2,91881.209252,1614211199999,2194532,47073.73,0
2021-02-25,49676.21,52041.73,46674.34,47073.73,83310.673121,1614297599999,2305679,46276.87,0
2021-02-26,47073.73,48424.11,44106.78,46276.87,109423.200663,1614383999999,2371766,46106.43,0
2021-02-27,46276.88,48394.0,45000.0,46106.43,66060.834292,1614470399999,1757720,45135.66,0
2021-02-28,46103.67,46638.46,43000.0,45135.66,83055.369042,1614556799999,1838345,49587.03,1
2021-03-01,45134.11,49790.0,44950.53,49587.03,85086.111648,1614643199999,2147223,48440.65,0
2021-03-02,49595.76,50200.0,47047.6,48440.65,64221.06214,1614729599999,1855583,50349.37,1
2021-03-03,48436.61,52640.0,48100.71,50349.37,81035.913705,1614815999999,2242131,48374.09,0
2021-03-04,50349.37,51773.88,47500.0,48374.09,82649.716829,1614902399999,2291936,48751.71,1
2021-03-05,48374.09,49448.93,46300.0,48751.71,78192.496372,1614988799999,2054216,48882.2,1
2021-03-06,48746.81,49200.0,47070.0,48882.2,44399.234242,1615075199999,1476474,50971.75,1
2021-03-07,48882.2,51450.03,48882.2,50971.75,55235.028032,1615161599999,1758101,52375.17,1
2021-03-08,50959.11,52402.78,49274.67,52375.17,66987.359664,1615247999999,1999401,54884.5,1
2021-03-09,52375.18,54895.0,51789.41,54884.5,71656.737076,1615334399999,2194398,55851.59,1
2021-03-10,54874.67,57387.69,53005.0,55851.59,84749.238943,1615420799999,2647284,57773.16,1
2021-03-11,55851.59,58150.0,54272.82,57773.16,81914.812859,1615507199999,2509970,57221.72,0
2021-03-12,57773.15,58081.51,54962.84,57221.72,73405.406047,1615593599999,2489931,61188.39,1
2021-03-13,57221.72,61844.0,56078.23,61188.39,83245.091346,1615679999999,2559002,58968.31,0
2021-03-14,61188.38,61724.79,58966.78,58968.31,52601.05275,1615766399999,1829769,55605.2,0
2021-03-15,58976.08,60633.43,54600.0,55605.2,102771.427298,1615852799999,2683815,56900.75,1
2021-03-16,55605.2,56938.29,53271.34,56900.75,77986.694355,1615939199999,2241208,58912.97,1
2021-03-17,56900.74,58974.73,54123.69,58912.97,70421.620841,1616025599999,2204296,57648.16,0
2021-03-18,58912.97,60129.97,57023.0,57648.16,66580.406675,1616111999999,2040947,58030.01,1
2021-03-19,57641.0,59468.0,56270.74,58030.01,52392.652961,1616198399999,1885830,58102.28,1
2021-03-20,58030.01,59880.0,57820.17,58102.28,44476.941776,1616284799999,1724131,57351.56,0
2021-03-21,58100.02,58589.1,55450.11,57351.56,48564.470274,1616371199999,1773546,54083.25,0
2021-03-22,57351.56,58430.73,53650.0,54083.25,62581.626169,1616457599999,1927345,54340.89,1
2021-03-23,54083.25,55830.9,53000.0,54340.89,59789.365427,1616543999999,1740349,52303.65,0
2021-03-24,54342.8,57200.0,51700.0,52303.65,83537.465021,1616630399999,2401988,51293.78,0
2021-03-25,52303.66,53287.0,50427.56,51293.78,87400.534538,1616716799999,2099425,55025.59,1
2021-03-26,51293.78,55073.46,51214.6,55025.59,63813.774692,1616803199999,1773150,55817.14,1
2021-03-27,55025.59,56700.36,53950.0,55817.14,50105.475055,1616889599999,1528776,55777.63,0
2021-03-28,55817.14,56559.75,54691.84,55777.63,39050.387511,1616975999999,1551283,57635.47,1
2021-03-29,55777.65,58405.82,54800.01,57635.47,67857.937398,1617062399999,1983437,58746.57,1
2021-03-30,57635.46,59368.0,57071.35,58746.57,55122.443122,1617148799999,1612744,58740.55,0
2021-03-31,58746.57,59800.0,56769.0,58740.55,60975.542666,1617235199999,1928224,58720.44,0
2021-04-01,58739.46,59490.0,57935.45,58720.44,47415.61722,1617321599999,1594431,58950.01,1
2021-04-02,58720.45,60200.0,58428.57,58950.01,47382.418781,1617407999999,1666356,57051.94,0
2021-04-03,58950.01,59791.72,56880.0,57051.94,47409.852113,1617494399999,1606805,58202.01,1
2021-04-04,57051.95,58492.85,56388.0,58202.01,41314.081973,1617580799999,1499113,59129.99,1
2021-04-05,58202.01,59272.0,56777.77,59129.99,54258.01579,1617667199999,2035877,57991.15,0
2021-04-06,59129.99,59495.24,57413.02,57991.15,54201.000727,1617753599999,1960513,55953.45,0
2021-04-07,57990.03,58655.0,55473.0,55953.45,71228.405659,1617839999999,2206433,58077.52,1
2021-04-08,55953.44,58153.31,55700.0,58077.52,44283.147019,1617926399999,1661080,58142.54,1
2021-04-09,58077.52,58894.9,57654.0,58142.54,40831.884911,1618012799999,1615962,59769.13,1
2021-04-10,58142.55,61500.0,57900.01,59769.13,69906.424117,1618099199999,2470398,60002.43,1
2021-04-11,59769.13,60699.0,59232.52,60002.43,41156.715391,1618185599999,1746102,59860.0,0
2021-04-12,59998.8,61300.0,59350.59,59860.0,56375.037117,1618271999999,1806298,63575.0,1
2021-04-13,59860.01,63777.77,59805.15,63575.0,82848.688746,1618358399999,2703735,62959.53,0
2021-04-14,63575.01,64854.0,61301.0,62959.53,82616.343993,1618444799999,2645625,63159.98,1
2021-04-15,62959.53,63800.0,62020.0,63159.98,51649.70034,1618531199999,1938028,61334.8,0
2021-04-16,63158.74,63520.61,60000.0,61334.8,91764.139884,1618617599999,2639940,60006.66,0
2021-04-17,61334.81,62506.05,59580.91,60006.66,58912.256128,1618703999999,2268816,56150.01,0
2021-04-18,60006.67,60499.0,50931.3,56150.01,124882.131824,1618790399999,3444089,55633.14,0
2021-04-19,56150.01,57526.81,54221.58,55633.14,78229.042267,1618876799999,2390527,56425.0,1
2021-04-20,55633.14,57076.24,53329.96,56425.0,72744.482151,1618963199999,2148820,53787.63,0
2021-04-21,56425.0,56757.91,53536.02,53787.63,66984.756909,1619049599999,2134946,51690.96,0
2021-04-22,53787.62,55521.48,50500.0,51690.96,104656.631337,1619135999999,2744621,51125.14,0
2021-04-23,51690.95,52131.85,47500.0,51125.14,132230.780719,1619222399999,2888237,50047.84,0
2021-04-24,51110.56,51166.22,48657.14,50047.84,55361.512573,1619308799999,1164985,49066.77,0
2021-04-25,50047.84,50567.91,46930.0,49066.77,58255.645004,1619395199999,1475479,54001.39,1
2021-04-26,49066.76,54356.62,48753.44,54001.39,86310.802124,1619481599999,2174544,55011.97,1
2021-04-27,54001.38,55460.0,53222.0,55011.97,54064.034675,1619567999999,1568666,54846.22,0
2021-04-28,55011.97,56428.0,53813.16,54846.22,55130.459015,1619654399999,1830042,53555.0,0
2021-04-29,54846.23,55195.84,52330.94,53555.0,52486.019455,1619740799999,1763676,57694.27,1
2021-04-30,53555.0,57963.0,53013.01,57694.27,68578.910045,1619827199999,2267648,57800.37,1
2021-05-01,57697.25,58458.07,56956.14,57800.37,42600.351836,1619913599999,1743013,56578.21,0
2021-05-02,57797.35,57911.02,56035.25,56578.21,36812.878863,1619999999999,1371638,57169.39,1
2021-05-03,56578.21,58981.44,56435.0,57169.39,57649.931286,1620086399999,2102128,53200.01,0
2021-05-04,57169.39,57200.0,53046.69,53200.01,85324.625903,1620172799999,2492629,57436.11,1
2021-05-05,53205.05,58069.82,52900.0,57436.11,77263.923439,1620259199999,2378119,56393.68,0
2021-05-06,57436.11,58360.0,55200.0,56393.68,70181.671908,1620345599999,2459881,57314.75,1
2021-05-07,56393.68,58650.0,55241.63,57314.75,74542.747829,1620431999999,2361692,58862.05,1
2021-05-08,57315.49,59500.0,56900.0,58862.05,69709.906028,1620518399999,2311378,58240.84,0
2021-05-09,58866.53,59300.0,56235.66,58240.84,69806.11991,1620604799999,2170139,55816.14,0
2021-05-10,58240.83,59500.0,53400.0,55816.14,89586.34925,1620691199999,2575419,56670.02,1
2021-05-11,55816.14,56862.43,54370.0,56670.02,64329.54055,1620777599999,1911480,49631.32,0
2021-05-12,56670.02,58000.01,48600.0,49631.32,99842.789836,1620863999999,2676826,49670.97,1
2021-05-13,49537.15,51367.19,46000.0,49670.97,147332.002121,1620950399999,3570506,49841.45,1
2021-05-14,49671.92,51483.0,48799.75,49841.45,80082.204306,1621036799999,2095860,46762.99,0
2021-05-15,49844.16,50700.0,46555.0,46762.99,89437.449359,1621123199999,2286791,46431.5,0
2021-05-16,46762.99,49795.89,43825.39,46431.5,114269.812775,1621209599999,2661295,43538.04,0
2021-05-17,46426.83,46686.0,42001.0,43538.04,166657.172736,1621295999999,3216821,42849.78,0
2021-05-18,43538.02,45799.29,42250.02,42849.78,116979.860784,1621382399999,2561165,36690.09,0
2021-05-19,42849.78,43584.9,30000.0,36690.09,354347.243161,1621468799999,6331062,40526.64,1
2021-05-20,36671.23,42451.67,34850.0,40526.64,203017.596923,1621555199999,4269898,37252.01,0
2021-05-21,40525.39,42200.0,33488.0,37252.01,202100.888258,1621641599999,3993336,37449.73,1
2021-05-22,37263.35,38829.0,35200.62,37449.73,126542.243689,1621727999999,2716691,34655.25,0
2021-05-23,37458.51,38270.64,31111.01,34655.25,217136.046593,1621814399999,4082004,38796.29,1
2021-05-24,34681.44,39920.0,34031.0,38796.29,161630.893971,1621900799999,3510578,38324.72,0
2021-05-25,38810.99,39791.77,36419.62,38324.72,111996.228404,1621987199999,2508310,39241.91,1
2021-05-26,38324.72,40841.0,37800.44,39241.91,104780.773396,1622073599999,2432319,38529.98,0
2021-05-27,39241.92,40411.14,37134.27,38529.98,86547.158794,1622159999999,2102182,35663.49,0
2021-05-28,38529.99,38877.83,34684.0,35663.49,135377.62972,1622246399999,2659178,34605.15,0
2021-05-29,35661.79,37338.58,33632.76,34605.15,112663.092689,1622332799999,2169643,35641.27,1
2021-05-30,34605.15,36488.0,33379.0,35641.27,73535.386967,1622419199999,1559892,37253.81,1
2021-05-31,35641.26,37499.0,34153.84,37253.81,94160.735289,1622505599999,1896359,36693.09,0
2021-06-01,37253.82,37894.81,35666.0,36693.09,81234.66377,1622591999999,1760417,37568.68,1
2021-06-02,36694.85,38225.0,35920.0,37568.68,67587.372495,1622678399999,1530915,39246.79,1
2021-06-03,37568.68,39476.0,37170.0,39246.79,75889.106011,1622764799999,1949658,36829.0,0
2021-06-04,39246.78,39289.07,35555.15,36829.0,91317.799245,1622851199999,1926311,35513.2,0
2021-06-05,36829.15,37925.0,34800.0,35513.2,70459.62149,1622937599999,1463754,35796.31,1
2021-06-06,35516.07,36480.0,35222.0,35796.31,47650.206637,1623023999999,993430,33552.79,0
2021-06-07,35796.31,36900.0,33300.0,33552.79,77574.952573,1623110399999,1532260,33380.81,0
2021-06-08,33556.96,34068.01,31000.0,33380.81,123251.189037,1623196799999,2074885,37388.05,1
2021-06-09,33380.8,37534.79,32396.82,37388.05,136607.597517,1623283199999,2601479,36675.72,0
2021-06-10,37388.05,38491.0,35782.0,36675.72,109527.284943,1623369599999,2231430,37331.98,1
2021-06-11,36677.83,37680.4,35936.77,37331.98,78466.0053,1623455999999,1727645,35546.11,0
2021-06-12,37331.98,37463.63,34600.36,35546.11,87717.54999,1623542399999,1719650,39020.57,1
2021-06-13,35546.12,39380.0,34757.0,39020.57,86921.025555,1623628799999,1894103,40516.29,1
2021-06-14,39020.56,41064.05,38730.0,40516.29,108522.391949,1623715199999,2185089,40144.04,0
2021-06-15,40516.28,41330.0,39506.4,40144.04,80679.622838,1623801599999,1931890,38349.01,0
2021-06-16,40143.8,40527.14,38116.01,38349.01,87771.976937,1623887999999,2134897,38092.97,0
2021-06-17,38349.0,39559.88,37365.0,38092.97,79541.307119,1623974399999,1620210,35819.84,0
2021-06-18,38092.97,38202.84,35129.29,35819.84,95228.042935,1624060799999,1809253,35483.72,0
2021-06-19,35820.48,36457.0,34803.52,35483.72,68712.449461,1624147199999,1212278,35600.16,1
2021-06-20,35483.72,36137.72,33336.0,35600.16,89878.17085,1624233599999,1691871,31608.93,0
2021-06-21,35600.17,35750.0,31251.23,31608.93,168778.873159,1624319999999,2688993,32509.56,1
2021-06-22,31614.12,33298.78,28805.0,32509.56,204208.179762,1624406399999,3113977,33678.07,1
2021-06-23,32509.56,34881.0,31683.0,33678.07,126966.100563,1624492799999,2026228,34663.09,1
2021-06-24,33675.07,35298.0,32286.57,34663.09,86625.80426,1624579199999,1531230,31584.45,0
2021-06-25,34663.08,35500.0,31275.0,31584.45,116061.130356,1624665599999,2094932,32283.65,1
2021-06-26,31576.09,32730.0,30151.0,32283.65,107820.375287,1624751999999,1814051,34700.34,1
2021-06-27,32283.65,34749.0,31973.45,34700.34,96613.244211,1624838399999,1799875,34494.89,0
2021-06-28,34702.49,35297.71,33862.72,34494.89,82222.267819,1624924799999,1868627,35911.73,1
2021-06-29,34494.89,36600.0,34225.43,35911.73,90788.79622,1625011199999,1673802,35045.0,0
2021-06-30,35911.72,36100.0,34017.55,35045.0,77152.197634,1625097599999,1301036,33504.69,0
2021-07-01,35045.0,35057.57,32711.0,33504.69,71708.266112,1625183999999,1240681,33786.55,1
2021-07-02,33502.33,33977.04,32699.0,33786.55,56172.181378,1625270399999,1176457,34669.13,1
2021-07-03,33786.54,34945.61,33316.73,34669.13,43044.578641,1625356799999,1078278,35286.51,1
2021-07-04,34669.12,35967.85,34357.15,35286.51,43703.475789,1625443199999,1164970,33690.14,0
2021-07-05,35288.13,35293.78,33125.55,33690.14,64123.874245,1625529599999,1109367,34220.01,1
2021-07-06,33690.15,35118.88,33532.0,34220.01,58210.596349,1625615999999,1184687,33862.12,0
2021-07-07,34220.02,35059.09,33777.77,33862.12,53807.521675,1625702399999,1041416,32875.71,0
2021-07-08,33862.11,33929.64,32077.0,32875.71,70136.48032,1625788799999,1257892,33815.81,1
2021-07-09,32875.71,34100.0,32261.07,33815.81,47153.939899,1625875199999,1236351,33502.87,0
2021-07-10,33815.81,34262.0,33004.78,33502.87,34761.175468,1625961599999,865508,34258.99,1
2021-07-11,33502.87,34666.0,33306.47,34258.99,31572.647448,1626047999999,952891,33086.63,0
2021-07-12,34259.0,34678.43,32658.34,33086.63,48181.403762,1626134399999,1176847,32729.77,0
2021-07-13,33086.94,33340.0,32202.25,32729.77,41126.361008,1626220799999,956053,32820.02,1
2021-07-14,32729.12,33114.03,31550.0,32820.02,46777.823484,1626307199999,1123129,31880.0,0
2021-07-15,32820.03,33185.25,31133.0,31880.0,51639.576353,1626393599999,1099367,31383.87,0
2021-07-16,31874.49,32249.18,31020.0,31383.87,48499.864154,1626479999999,1067591,31520.07,1
2021-07-17,31383.86,31955.92,31164.31,31520.07,34012.242132,1626566399999,883442,31778.56,1
2021-07-18,31520.07,32435.0,31108.97,31778.56,35923.716186,1626652799999,760979,30839.65,0
2021-07-19,31778.57,31899.0,30407.44,30839.65,47340.468499,1626739199999,846029,29790.35,0
2021-07-20,30839.65,31063.07,29278.0,29790.35,61034.049017,1626825599999,1062139,32144.51,1
2021-07-21,29790.34,32858.0,29482.61,32144.51,82796.265128,1626911999999,1415058,32287.83,1
2021-07-22,32144.51,32591.35,31708.0,32287.83,46148.092433,1626998399999,1000742,33634.09,1
2021-07-23,32287.58,33650.0,31924.32,33634.09,50112.863626,1627084799999,1394786,34258.14,1
2021-07-24,33634.1,34500.0,33401.14,34258.14,47977.550138,1627171199999,1196914,35381.02,1
2021-07-25,34261.51,35398.0,33851.12,35381.02,47852.928313,1627257599999,1245775,37237.6,1
2021-07-26,35381.02,40550.0,35205.78,37237.6,152452.512724,1627343999999,3330102,39457.87,1
2021-07-27,37241.33,39542.61,36383.0,39457.87,88397.267015,1627430399999,1938478,40019.56,1
2021-07-28,39456.61,40900.0,38772.0,40019.56,101344.528441,1627516799999,2631048,40016.48,0
2021-07-29,40019.57,40640.0,39200.0,40016.48,53998.439283,1627603199999,1428738,42206.37,1
2021-07-30,40018.49,42316.71,38313.23,42206.37,73602.784805,1627689599999,1797012,41461.83,0
2021-07-31,42206.36,42448.0,41000.15,41461.83,44849.791012,1627775999999,1565380,39845.44,0
2021-08-01,41461.84,42599.0,39422.01,39845.44,53953.186326,1627862399999,1603964,39147.82,0
2021-08-02,39850.27,40480.01,38690.0,39147.82,50837.351954,1627948799999,1162878,38207.05,0
2021-08-03,39146.86,39780.0,37642.03,38207.05,57117.435853,1628035199999,1379871,39723.18,1
2021-08-04,38207.04,39969.66,37508.56,39723.18,52329.35243,1628121599999,1220555,40862.46,1
2021-08-05,39723.17,41350.0,37332.7,40862.46,84343.755621,1628207999999,1913281,42836.87,1
2021-08-06,40862.46,43392.43,39853.86,42836.87,75753.941347,1628294399999,2223356,44572.54,1
2021-08-07,42836.87,44700.0,42446.41,44572.54,73396.740808,1628380799999,2258213,43794.37,0
2021-08-08,44572.54,45310.0,43261.0,43794.37,69329.092698,1628467199999,1857112,46253.4,1
2021-08-09,43794.36,46454.15,42779.0,46253.4,74587.884845,1628553599999,2130595,45584.99,0
2021-08-10,46248.87,46700.0,44589.46,45584.99,53814.643421,1628639999999,1951330,45511.0,0
2021-08-11,45585.0,46743.47,45341.14,45511.0,52734.901977,1628726399999,1862925,44399.0,0
2021-08-12,45510.67,46218.12,43770.0,44399.0,55266.108781,1628812799999,1623329,47800.0,1
2021-08-13,44400.06,47886.0,44217.39,47800.0,48239.370431,1628899199999,1804716,47068.51,0
2021-08-14,47799.99,48144.0,45971.03,47068.51,46114.359022,1628985599999,1849556,46973.82,0
2021-08-15,47068.5,47372.27,45500.0,46973.82,42110.711334,1629071999999,1580122,45901.29,0
2021-08-16,46973.82,48053.83,45660.0,45901.29,52480.574014,1629158399999,1655378,44695.95,0
2021-08-17,45901.3,47160.0,44376.0,44695.95,57039.341629,1629244799999,1781303,44705.29,1
2021-08-18,44695.95,46000.0,44203.28,44705.29,54099.415985,1629331199999,1656723,46760.62,1
2021-08-19,44699.37,47033.0,43927.7,46760.62,53411.75392,1629417599999,1774382,49322.47,1
2021-08-20,46760.62,49382.99,46622.99,49322.47,56850.352228,1629503999999,1950404,48821.87,0
2021-08-21,49322.47,49757.04,48222.0,48821.87,46745.136584,1629590399999,2069725,49239.22,1
2021-08-22,48821.88,49500.0,48050.0,49239.22,37007.887795,1629676799999,1610192,49488.85,1
2021-08-23,49239.22,50500.0,49029.0,49488.85,52462.541954,1629763199999,2143309,47674.01,0
2021-08-24,49488.85,49860.0,47600.0,47674.01,51014.594748,1629849599999,1692896,48973.32,1
2021-08-25,47674.01,49264.3,47126.28,48973.32,44655.830342,1629935999999,1559186,46843.87,0
2021-08-26,48973.32,49352.84,46250.0,46843.87,49371.277774,1630022399999,1532753,49069.9,1
2021-08-27,46843.86,49149.93,46348.0,49069.9,42068.104965,1630108799999,1320503,48895.35,0
2021-08-28,49069.9,49299.0,48346.88,48895.35,26681.063786,1630195199999,793012,48767.83,0
2021-08-29,48895.35,49632.27,47762.54,48767.83,32652.283473,1630281599999,1193046,46982.91,0
2021-08-30,48767.84,48888.61,46853.0,46982.91,40288.35083,1630367999999,1204012,47100.89,1
2021-08-31,46982.91,48246.11,46700.0,47100.89,48645.52737,1630454399999,1300400,48810.52,1
2021-09-01,47100.89,49156.0,46512.0,48810.52,49904.65528,1630540799999,1280384,49246.64,1
2021-09-02,48810.51,50450.13,48584.06,49246.64,54410.770538,1630627199999,1549849,49999.14,1
2021-09-03,49246.63,51000.0,48316.84,49999.14,59025.644157,1630713599999,1645163,49915.64,0
2021-09-04,49998.0,50535.69,49370.0,49915.64,34664.65959,1630799999999,1225830,51756.88,1
2021-09-05,49917.54,51900.0,49450.0,51756.88,40544.835873,1630886399999,1417660,52663.9,1
2021-09-06,51756.88,52780.0,50969.33,52663.9,49249.667081,1630972799999,1678015,46863.73,0
2021-09-07,52666.2,52920.0,42843.05,46863.73,123048.802719,1631059199999,3321711,46048.31,0
2021-09-08,46868.57,47340.99,44412.02,46048.31,65069.3152,1631145599999,1796101,46395.14,1
2021-09-09,46048.31,47399.97,45513.08,46395.14,50651.66002,1631231999999,1567586,44850.91,0
2021-09-10,46395.14,47033.0,44132.29,44850.91,49048.26618,1631318399999,1569941,45173.69,1
2021-09-11,44842.2,45987.93,44722.22,45173.69,30440.4081,1631404799999,1060890,46025.24,1
2021-09-12,45173.68,46460.0,44742.06,46025.24,32094.28052,1631491199999,1179808,44940.73,0
2021-09-13,46025.23,46880.0,43370.0,44940.73,65429.15056,1631577599999,1703512,47111.52,1
2021-09-14,44940.72,47250.0,44594.44,47111.52,44855.85099,1631663999999,1210258,48121.41,1
2021-09-15,47103.28,48500.0,46682.32,48121.41,43204.71174,1631750399999,1176050,47737.82,0
2021-09-16,48121.4,48557.0,47021.1,47737.82,40725.08895,1631836799999,1176129,47299.98,0
2021-09-17,47737.81,48150.0,46699.56,47299.98,34461.92776,1631923199999,1033968,48292.74,1
2021-09-18,47299.98,48843.2,47035.56,48292.74,30906.47038,1632009599999,976346,47241.75,0
2021-09-19,48292.75,48372.83,46829.18,47241.75,29847.24349,1632095999999,909785,43015.62,0
2021-09-20,47241.75,47347.25,42500.0,43015.62,78003.524443,1632182399999,1842231,40734.38,0
2021-09-21,43016.64,43639.0,39600.0,40734.38,84534.080485,1632268799999,1820721,43543.61,1
2021-09-22,40734.09,44000.55,40565.39,43543.61,58349.05542,1632355199999,1304011,44865.26,1
2021-09-23,43546.37,44978.0,43069.09,44865.26,48699.57655,1632441599999,1196106,42810.57,0
2021-09-24,44865.26,45200.0,40675.0,42810.57,84113.426292,1632527999999,1819744,42670.64,0
2021-09-25,42810.58,42966.84,41646.28,42670.64,33594.57189,1632614399999,949787,43160.9,1
2021-09-26,42670.63,43950.0,40750.0,43160.9,49879.99765,1632700799999,1374145,42147.35,0
2021-09-27,43160.9,44350.0,42098.0,42147.35,39776.84383,1632787199999,1001487,41026.54,0
2021-09-28,42147.35,42787.38,40888.0,41026.54,43372.2624,1632873599999,1045389,41524.28,1
2021-09-29,41025.01,42590.0,40753.88,41524.28,33511.53487,1632959999999,884909,43824.1,1
2021-09-30,41524.29,44141.37,41410.17,43824.1,46381.22781,1633046399999,1197815,48141.61,1
2021-10-01,43820.01,48495.0,43283.03,48141.61,66244.87492,1633132799999,1771237,47634.9,0
2021-10-02,48141.6,48336.59,47430.18,47634.9,30508.98131,1633219199999,996116,48200.01,1
2021-10-03,47634.89,49228.08,47088.0,48200.01,30825.05601,1633305599999,1114294,49224.94,1
2021-10-04,48200.01,49536.12,46891.0,49224.94,46796.49372,1633391999999,1437692,51471.99,1
2021-10-05,49224.93,51886.3,49022.4,51471.99,52125.66793,1633478399999,1641651,55315.0,1
2021-10-06,51471.99,55750.0,50382.41,55315.0,79877.545181,1633564799999,2443126,53785.22,0
2021-10-07,55315.0,55332.31,53357.0,53785.22,54917.37766,1633651199999,1703147,53951.43,1
2021-10-08,53785.22,56100.0,53617.61,53951.43,46160.25785,1633737599999,1548832,54949.72,1
2021-10-09,53955.67,55489.0,53661.67,54949.72,55177.08013,1633823999999,1609483,54659.0,0
2021-10-10,54949.72,56561.31,54080.0,54659.0,89237.836128,1633910399999,2427176,57471.35,1
2021-10-11,54659.01,57839.04,54415.06,57471.35,52933.165751,1633996799999,1690409,55996.93,0
2021-10-12,57471.35,57680.0,53879.0,55996.93,53471.2855,1634083199999,1554412,57367.0,1
2021-10-13,55996.91,57777.0,54167.19,57367.0,55808.44492,1634169599999,1610489,57347.94,0
2021-10-14,57370.83,58532.54,56818.05,57347.94,43053.336781,1634255999999,1372048,61672.42,1
2021-10-15,57347.94,62933.0,56850.0,61672.42,82512.908022,1634342399999,2649137,60875.57,0
2021-10-16,61672.42,62378.42,60150.0,60875.57,35467.88096,1634428799999,1360379,61528.33,1
2021-10-17,60875.57,61718.39,58963.0,61528.33,39099.24124,1634515199999,1331655,62009.84,1
2021-10-18,61528.32,62695.78,59844.45,62009.84,51798.44844,1634601599999,1629184,64280.59,1
2021-10-19,62005.6,64486.0,61322.22,64280.59,53628.107744,1634687999999,1755708,66001.41,1
2021-10-20,64280.59,67000.0,63481.4,66001.41,51428.934856,1634774399999,1823286,62193.15,0
2021-10-21,66001.4,66639.74,62000.0,62193.15,68538.64537,1634860799999,2181665,60688.22,0
2021-10-22,62193.15,63732.39,60000.0,60688.22,52119.35886,1634947199999,1555280,61286.75,1
2021-10-23,60688.23,61747.64,59562.15,61286.75,27626.93678,1635033599999,982103,60852.22,0
2021-10-24,61286.75,61500.0,59510.63,60852.22,31226.57676,1635119999999,1052085,63078.78,1
2021-10-25,60852.22,63710.63,60650.0,63078.78,36853.83806,1635206399999,1270453,60328.81,0
2021-10-26,63078.78,63293.48,59817.55,60328.81,40217.50083,1635292799999,1334460,58413.44,0
2021-10-27,60328.81,61496.0,58000.0,58413.44,62124.49016,1635379199999,1913083,60575.89,1
2021-10-28,58413.44,62499.0,57820.0,60575.89,61056.35301,1635465599999,1878275,62253.71,1
2021-10-29,60575.9,62980.0,60174.81,62253.71,43973.90414,1635551999999,1417344,61859.19,0
2021-10-30,62253.7,62359.25,60673.0,61859.19,31478.12566,1635638399999,1197748,61299.8,0
2021-10-31,61859.19,62405.3,59945.36,61299.8,39267.63794,1635724799999,1563417,60911.11,0
2021-11-01,61299.81,62437.74,59405.0,60911.11,44687.66672,1635811199999,1472636,63219.99,1
2021-11-02,60911.12,64270.0,60624.68,63219.99,46368.2841,1635897599999,1858362,62896.48,0
2021-11-03,63220.57,63500.0,60382.76,62896.48,43336.09049,1635983999999,1601925,61395.01,0
2021-11-04,62896.49,63086.31,60677.01,61395.01,35930.93314,1636070399999,1346081,60937.12,0
2021-11-05,61395.01,62595.72,60721.0,60937.12,31604.48749,1636156799999,1243074,61470.61,1
2021-11-06,60940.18,61560.49,60050.0,61470.61,25590.57408,1636243199999,965309,63273.59,1
2021-11-07,61470.62,63286.35,61322.78,63273.59,25515.6883,1636329599999,1068629,67525.83,1
2021-11-08,63273.58,67789.0,63273.58,67525.83,54442.094554,1636415999999,2349581,66947.66,0
2021-11-09,67525.82,68524.25,66222.4,66947.66,44661.378068,1636502399999,1847655,64882.43,0
2021-11-10,66947.67,69000.0,62822.9,64882.43,65171.504046,1636588799999,2347934,64774.26,0
2021-11-11,64882.42,65600.07,64100.0,64774.26,37237.98058,1636675199999,1327827,64122.23,0
2021-11-12,64774.25,65450.7,62278.0,64122.23,44490.10816,1636761599999,1479149,64380.0,1
2021-11-13,64122.22,65000.0,63360.22,64380.0,22504.97383,1636847999999,904149,65519.1,1
2021-11-14,64380.01,65550.51,63576.27,65519.1,25705.07347,1636934399999,951393,63606.74,0
2021-11-15,65519.11,66401.82,63400.0,63606.74,37829.37124,1637020799999,1305209,60058.87,0
2021-11-16,63606.73,63617.31,58574.07,60058.87,77455.15609,1637107199999,2353681,60344.87,1
2021-11-17,60058.87,60840.23,58373.0,60344.87,46289.38491,1637193599999,1471305,56891.62,0
2021-11-18,60344.86,60976.0,56474.26,56891.62,62146.99931,1637279999999,1960419,58052.24,1
2021-11-19,56891.62,58320.0,55600.0,58052.24,50715.88726,1637366399999,1560459,59707.51,1
2021-11-20,58057.1,59845.0,57353.0,59707.51,33811.5901,1637452799999,1200190,58622.02,0
2021-11-21,59707.52,60029.76,58486.65,58622.02,31902.22785,1637539199999,1249219,56247.18,0
2021-11-22,58617.7,59444.0,55610.0,56247.18,51724.32047,1637625599999,1624768,57541.27,1
2021-11-23,56243.83,58009.99,55317.0,57541.27,49917.85017,1637711999999,1570845,57138.29,0
2021-11-24,57541.26,57735.0,55837.0,57138.29,39612.04964,1637798399999,1432991,58960.36,1
2021-11-25,57138.29,59398.9,57000.0,58960.36,42153.51522,1637884799999,1604266,53726.53,0
2021-11-26,58960.37,59150.0,53500.0,53726.53,65927.87066,1637971199999,2138184,54721.03,1
2021-11-27,53723.72,55280.0,53610.0,54721.03,29716.99957,1638057599999,1110145,57274.88,1
2021-11-28,54716.47,57445.05,53256.64,57274.88,36163.7137,1638143999999,1253408,57776.25,1
2021-11-29,57274.89,58865.97,56666.67,57776.25,40125.28009,1638230399999,1349625,56950.56,0
2021-11-30,57776.25,59176.99,55875.55,56950.56,49161.05194,1638316799999,1587472,57184.07,1
2021-12-01,56950.56,59053.55,56458.01,57184.07,44956.63656,1638403199999,1442301,56480.34,0
2021-12-02,57184.07,57375.47,55777.77,56480.34,37574.05976,1638489599999,1307890,53601.05,0
2021-12-03,56484.26,57600.0,51680.0,53601.05,58927.69027,1638575999999,1865063,49152.47,0
2021-12-04,53601.05,53859.1,42000.3,49152.47,114203.373748,1638662399999,3362771,49396.33,1
2021-12-05,49152.46,49699.05,47727.21,49396.33,45580.82012,1638748799999,1371839,50441.92,1
2021-12-06,49396.32,50891.11,47100.0,50441.92,58571.21575,1638835199999,1741956,50588.95,1
2021-12-07,50441.91,51936.33,50039.74,50588.95,38253.46877,1638921599999,1212350,50471.19,0
2021-12-08,50588.95,51200.0,48600.0,50471.19,38425.92466,1639007999999,1118225,47545.59,0
2021-12-09,50471.19,50797.76,47320.0,47545.59,37692.68665,1639094399999,1130599,47140.54,0
2021-12-10,47535.9,50125.0,46852.0,47140.54,44233.57391,1639180799999,1215231,49389.99,1
2021-12-11,47140.54,49485.71,46751.0,49389.99,28889.19358,1639267199999,957390,50053.9,1
2021-12-12,49389.99,50777.0,48638.0,50053.9,26017.93421,1639353599999,863605,46702.75,0
2021-12-13,50053.9,50189.97,45672.75,46702.75,50869.52093,1639439999999,1399599,48343.28,1
2021-12-14,46702.76,48700.41,46290.0,48343.28,39955.98445,1639526399999,1194992,48864.98,1
2021-12-15,48336.95,49500.0,46547.0,48864.98,51629.181,1639612799999,1438176,47632.38,0
2021-12-16,48864.98,49436.43,47511.0,47632.38,31949.86739,1639699199999,1023983,46131.2,0
2021-12-17,47632.38,47995.96,45456.0,46131.2,43104.4887,1639785599999,1261780,46834.48,1
2021-12-18,46133.83,47392.37,45500.0,46834.48,25020.05271,1639871999999,862066,46681.23,0
2021-12-19,46834.47,48300.01,46406.91,46681.23,29305.70665,1639958399999,874827,46914.16,1
2021-12-20,46681.24,47537.57,45558.85,46914.16,35848.50609,1640044799999,1076488,48889.88,1
2021-12-21,46914.17,49328.96,46630.0,48889.88,37713.92924,1640131199999,1119412,48588.16,0
2021-12-22,48887.59,49576.13,48421.87,48588.16,27004.2022,1640217599999,949480,50838.81,1
2021-12-23,48588.17,51375.0,47920.42,50838.81,35192.54046,1640303999999,1176050,50820.0,0
2021-12-24,50838.82,51810.0,50384.43,50820.0,31684.84269,1640390399999,1075177,50399.66,0
2021-12-25,50819.99,51156.23,50142.32,50399.66,19135.51613,1640476799999,766979,50775.49,1
2021-12-26,50399.67,51280.0,49412.0,50775.49,22569.88914,1640563199999,797133,50701.44,0
2021-12-27,50775.48,52088.0,50449.0,50701.44,28792.21566,1640649599999,1009411,47543.74,0
2021-12-28,50701.44,50704.05,47313.01,47543.74,45853.33924,1640735999999,1345774,46464.66,0
2021-12-29,47543.74,48139.08,46096.99,46464.66,39498.87,1640822399999,1114074,47120.87,1
2021-12-30,46464.66,47900.0,45900.0,47120.87,30352.29569,1640908799999,910157,46216.93,0
2021-12-31,47120.88,48548.26,45678.0,46216.93,34937.99796,1640995199999,1059783,47722.65,1
2022-01-01,46216.93,47954.63,46208.37,47722.65,19604.46325,1641081599999,714899,47286.18,0
2022-01-02,47722.66,47990.0,46654.0,47286.18,18340.4604,1641167999999,709624,46446.1,0
2022-01-03,47286.18,47570.0,45696.0,46446.1,27662.0771,1641254399999,885624,45832.01,0
2022-01-04,46446.1,47557.54,45500.0,45832.01,35491.4136,1641340799999,1021815,43451.13,0
2022-01-05,45832.01,47070.0,42500.0,43451.13,51784.11857,1641427199999,1478532,43082.31,0
2022-01-06,43451.14,43816.0,42430.58,43082.31,38880.37305,1641513599999,1150707,41566.48,0
2022-01-07,43082.3,43145.83,40610.0,41566.48,54836.50818,1641599999999,1406635,41679.74,1
2022-01-08,41566.48,42300.0,40501.0,41679.74,32952.73111,1641686399999,1021908,41864.62,1
2022-01-09,41679.74,42786.7,41200.02,41864.62,22724.39426,1641772799999,752733,41822.49,0
2022-01-10,41864.62,42248.5,39650.0,41822.49,50729.17019,1641859199999,1250983,42729.29,1
2022-01-11,41822.49,43100.0,41268.93,42729.29,37296.43729,1641945599999,1015526,43902.66,1
2022-01-12,42729.29,44322.0,42450.0,43902.66,33943.2928,1642031999999,1023902,42560.11,0
2022-01-13,43902.65,44500.0,42311.22,42560.11,34910.87762,1642118399999,1036234,43059.96,1
2022-01-14,42558.35,43448.78,41725.95,43059.96,32640.88292,1642204799999,946938,43084.29,1
2022-01-15,43059.96,43800.0,42555.0,43084.29,21936.05616,1642291199999,752688,43071.66,0
2022-01-16,43084.29,43475.0,42581.79,43071.66,20602.35271,1642377599999,732171,42201.62,0
2022-01-17,43071.66,43176.18,41540.42,42201.62,27562.08613,1642463999999,918029,42352.12,1
2022-01-18,42201.63,42691.0,41250.0,42352.12,29324.08257,1642550399999,905061,41660.01,0
2022-01-19,42352.12,42559.13,41138.56,41660.01,31685.72159,1642636799999,924528,40680.91,0
2022-01-20,41660.0,43505.0,40553.31,40680.91,42330.33953,1642723199999,1098761,36445.31,0
2022-01-21,40680.92,41100.0,35440.45,36445.31,88860.891999,1642809599999,2092561,35071.42,0
2022-01-22,36445.31,36835.22,34008.0,35071.42,90471.338961,1642895999999,2099978,36244.55,1
2022-01-23,35071.42,36499.0,34601.01,36244.55,44279.52354,1642982399999,1142407,36660.35,1
2022-01-24,36244.55,37550.0,32917.17,36660.35,91904.753211,1643068799999,1999352,36958.32,1
2022-01-25,36660.35,37545.14,35701.0,36958.32,49232.40183,1643155199999,1248246,36809.34,0
2022-01-26,36958.32,38919.98,36234.63,36809.34,69830.16036,1643241599999,1584468,37160.1,1
2022-01-27,36807.24,37234.47,35507.01,37160.1,53020.87934,1643327999999,1308408,37716.56,1
2022-01-28,37160.11,38000.0,36155.01,37716.56,42154.26956,1643414399999,1061101,38166.84,1
2022-01-29,37716.57,38720.74,37268.44,38166.84,26129.49682,1643500799999,816601,37881.76,0
2022-01-30,38166.83,38359.26,37351.63,37881.76,21430.66527,1643587199999,698593,38466.9,1
2022-01-31,37881.75,38744.0,36632.61,38466.9,36855.2458,1643673599999,936014,38694.59,1
2022-02-01,38466.9,39265.2,38000.0,38694.59,34574.44663,1643759999999,917617,36896.36,0
2022-02-02,38694.59,38855.92,36586.95,36896.36,35794.6813,1643846399999,907905,37311.61,1
2022-02-03,36896.37,37387.0,36250.0,37311.61,32081.10999,1643932799999,848961,41574.25,1
2022-02-04,37311.98,41772.33,37026.73,41574.25,64703.95874,1644019199999,1380724,41382.59,0
2022-02-05,41571.7,41913.69,40843.01,41382.59,32532.34372,1644105599999,1006352,42380.87,1
2022-02-06,41382.6,42656.0,41116.56,42380.87,22405.16704,1644191999999,788291,43839.99,1
2022-02-07,42380.87,44500.5,41645.85,43839.99,51060.62006,1644278399999,1473274,44042.99,1
2022-02-08,43839.99,45492.0,42666.0,44042.99,64880.29387,1644364799999,1653350,44372.72,1
2022-02-09,44043.0,44799.0,43117.92,44372.72,34428.16729,1644451199999,1066395,43495.44,0
2022-02-10,44372.71,45821.0,43174.01,43495.44,62357.29091,1644537599999,1541483,42373.73,0
2022-02-11,43495.44,43920.0,41938.51,42373.73,44975.1687,1644623999999,1169354,42217.87,0
2022-02-12,42373.73,43079.49,41688.88,42217.87,26556.85681,1644710399999,830322,42053.66,0
2022-02-13,42217.87,42760.0,41870.0,42053.66,17732.08113,1644796799999,624898,42535.94,1
2022-02-14,42053.65,42842.4,41550.56,42535.94,34010.1306,1644883199999,867622,44544.86,1
2022-02-15,42535.94,44751.4,42427.03,44544.86,38095.19576,1644969599999,990694,43873.56,0
2022-02-16,44544.85,44549.97,43307.0,43873.56,28471.8727,1645055999999,823745,40515.7,0
2022-02-17,43873.56,44164.71,40073.21,40515.7,47245.99494,1645142399999,1067658,39974.44,0
2022-02-18,40515.71,40959.88,39450.0,39974.44,43845.92241,1645228799999,1025882,40079.17,1
2022-02-19,39974.45,40444.32,39639.03,40079.17,18042.0551,1645315199999,586653,38386.89,0
2022-02-20,40079.17,40125.44,38000.0,38386.89,33439.29011,1645401599999,811235,37008.16,0
2022-02-21,38386.89,39494.35,36800.0,37008.16,62347.68496,1645487999999,1352290,38230.33,1
2022-02-22,37008.16,38429.0,36350.0,38230.33,53785.94589,1645574399999,1212527,37250.01,0
2022-02-23,38230.33,39249.93,37036.79,37250.01,43560.732,1645660799999,1030872,38327.21,1
2022-02-24,37250.02,39843.0,34322.28,38327.21,120476.29458,1645747199999,2622780,39219.17,1
2022-02-25,38328.68,39683.53,38014.37,39219.17,56574.57125,1645833599999,1408558,39116.72,0
2022-02-26,39219.16,40348.45,38573.18,39116.72,29361.2568,1645919999999,924257,37699.07,0
2022-02-27,39116.73,39855.7,37000.0,37699.07,46229.44719,1646006399999,1265753,43160.0,1
2022-02-28,37699.08,44225.84,37450.17,43160.0,73945.63858,1646092799999,1931087,44421.2,1
2022-03-01,43160.0,44949.0,42809.98,44421.2,61743.09873,1646179199999,1866871,43892.98,0
2022-03-02,44421.2,45400.0,43334.09,43892.98,57782.65081,1646265599999,1653131,42454.0,0
2022-03-03,43892.99,44101.12,41832.28,42454.0,50940.61021,1646351999999,1289320,39148.66,0
2022-03-04,42454.0,42527.3,38550.0,39148.66,61964.68498,1646438399999,1465066,39397.96,1
2022-03-05,39148.65,39613.24,38407.59,39397.96,30363.13341,1646524799999,879727,38420.81,0
2022-03-06,39397.97,39693.87,38088.57,38420.81,39677.26158,1646611199999,986352,37988.0,0
2022-03-07,38420.8,39547.57,37155.0,37988.0,63994.11559,1646697599999,1456041,38730.63,1
2022-03-08,37988.01,39362.08,37867.65,38730.63,55583.06638,1646783999999,1271128,41941.71,1
2022-03-09,38730.63,42594.06,38656.45,41941.71,67392.58799,1646870399999,1570230,39422.0,0
2022-03-10,41941.7,42039.63,38539.73,39422.0,71962.93154,1646956799999,1512655,38729.57,0
2022-03-11,39422.01,40236.26,38223.6,38729.57,59018.7642,1647043199999,1252571,38807.36,1
2022-03-12,38729.57,39486.71,38660.52,38807.36,24034.36432,1647129599999,671733,37777.34,0
2022-03-13,38807.35,39310.0,37578.51,37777.34,32791.82359,1647215999999,841844,39671.37,1
2022-03-14,37777.35,39947.12,37555.0,39671.37,46945.45375,1647302399999,1114899,39280.33,0
2022-03-15,39671.37,39887.61,38098.33,39280.33,46015.54926,1647388799999,1060517,41114.0,1
2022-03-16,39280.33,41718.0,38828.48,41114.0,88120.76167,1647475199999,2051837,40917.9,0
2022-03-17,41114.01,41478.82,40500.0,40917.9,37189.38087,1647561599999,935784,41757.51,1
2022-03-18,40917.89,42325.02,40135.04,41757.51,45408.00969,1647647999999,1065054,42201.13,1
2022-03-19,41757.51,42400.0,41499.29,42201.13,29067.18108,1647734399999,801197,41262.11,0
2022-03-20,42201.13,42296.26,40911.0,41262.11,30653.33468,1647820799999,799695,41002.25,0
2022-03-21,41262.11,41544.22,40467.94,41002.25,39426.24877,1647907199999,947206,42364.13,1
2022-03-22,41002.26,43361.0,40875.51,42364.13,59454.94294,1647993599999,1367343,42882.76,1
2022-03-23,42364.13,43025.96,41751.47,42882.76,40828.87039,1648079999999,916671,43991.46,1
2022-03-24,42882.76,44220.89,42560.46,43991.46,56195.12374,1648166399999,1202541,44313.16,1
2022-03-25,43991.46,45094.14,43579.0,44313.16,54614.43648,1648252799999,1141588,44511.27,1
2022-03-26,44313.16,44792.99,44071.97,44511.27,23041.61741,1648339199999,693647,46827.76,1
2022-03-27,44511.27,46999.0,44421.46,46827.76,41874.91071,1648425599999,1135096,47122.21,1
2022-03-28,46827.76,48189.84,46663.56,47122.21,58949.2614,1648511999999,1498975,47434.8,1
2022-03-29,47122.21,48096.47,46950.85,47434.8,36772.28457,1648598399999,1095678,47067.99,0
2022-03-30,47434.79,47700.22,46445.42,47067.99,40947.2085,1648684799999,1081607,45510.34,0
2022-03-31,47067.99,47600.0,45200.0,45510.34,48645.12667,1648771199999,1290541,46283.49,1
2022-04-01,45510.35,46720.09,44200.0,46283.49,56271.06474,1648857599999,1372216,45811.0,0
2022-04-02,46283.49,47213.0,45620.0,45811.0,37073.53582,1648943999999,1056716,46407.35,1
2022-04-03,45810.99,47444.11,45530.92,46407.35,33394.67794,1649030399999,966563,46580.51,1
2022-04-04,46407.36,46890.71,45118.0,46580.51,44641.87514,1649116799999,1171998,45497.55,0
2022-04-05,46580.5,47200.0,45353.81,45497.55,42192.74852,1649203199999,1046080,43170.47,0
2022-04-06,45497.54,45507.14,43121.0,43170.47,60849.32936,1649289599999,1471912,43444.19,1
2022-04-07,43170.47,43900.99,42727.35,43444.19,37396.54156,1649375999999,999816,42252.01,0
2022-04-08,43444.2,43970.62,42107.14,42252.01,42375.04203,1649462399999,1108136,42753.97,1
2022-04-09,42252.02,42800.0,42125.48,42753.97,17891.66047,1649548799999,640230,42158.85,0
2022-04-10,42753.96,43410.3,41868.0,42158.85,22771.09403,1649635199999,678983,39530.45,0
2022-04-11,42158.85,42414.71,39200.0,39530.45,63560.44721,1649721599999,1385924,40074.94,1
2022-04-12,39530.45,40699.0,39254.63,40074.94,57751.01778,1649807999999,1153667,41147.79,1
2022-04-13,40074.95,41561.31,39588.54,41147.79,41342.27254,1649894399999,948061,39942.38,0
2022-04-14,41147.78,41500.0,39551.94,39942.38,36807.01401,1649980799999,803756,40551.9,1
2022-04-15,39942.37,40870.36,39766.4,40551.9,24026.35739,1650067199999,616536,40378.71,0
2022-04-16,40551.9,40709.35,39991.55,40378.71,15805.44718,1650153599999,423446,39678.12,0
2022-04-17,40378.7,40595.67,39546.17,39678.12,19988.49259,1650239999999,590241,40801.13,1
2022-04-18,39678.11,41116.73,38536.51,40801.13,54243.49575,1650326399999,1157741,41493.18,1
2022-04-19,40801.13,41760.0,40571.0,41493.18,35788.85843,1650412799999,934526,41358.19,0
2022-04-20,41493.19,42199.0,40820.0,41358.19,40877.35041,1650499199999,1063843,40480.01,0
2022-04-21,41358.19,42976.0,39751.0,40480.01,59316.27657,1650585599999,1515456,39709.18,0
2022-04-22,40480.01,40795.06,39177.0,39709.18,46664.0196,1650671999999,1043471,39441.6,0
2022-04-23,39709.19,39980.0,39285.0,39441.6,20291.42375,1650758399999,724132,39450.13,1
2022-04-24,39441.61,39940.0,38929.62,39450.13,26703.61186,1650844799999,868183,40426.08,1
2022-04-25,39450.12,40616.0,38200.0,40426.08,63037.12784,1650931199999,1280351,38112.65,0
2022-04-26,40426.08,40797.31,37702.26,38112.65,66650.258,1651017599999,1381618,39235.72,1
2022-04-27,38112.64,39474.72,37881.31,39235.72,57083.12272,1651103999999,1232083,39742.07,1
2022-04-28,39235.72,40372.63,38881.43,39742.07,56086.6715,1651190399999,1135242,38596.11,0
2022-04-29,39742.06,39925.25,38175.0,38596.11,51453.65715,1651276799999,1101140,37630.8,0
2022-04-30,38596.11,38795.38,37578.2,37630.8,35321.18989,1651363199999,1017369,38468.35,1
2022-05-01,37630.8,38675.0,37386.38,38468.35,38812.24104,1651449599999,1021157,38525.16,1
2022-05-02,38468.35,39167.34,38052.0,38525.16,53200.92628,1651535999999,1053893,37728.95,0
2022-05-03,38525.16,38651.51,37517.8,37728.95,40316.45358,1651622399999,1005131,39690.0,1
2022-05-04,37728.95,40023.77,37670.0,39690.0,62574.61736,1651708799999,1238847,36552.97,0
2022-05-05,39690.0,39845.51,35571.9,36552.97,88722.43355,1651795199999,1979692,36013.77,0
2022-05-06,36552.97,36675.63,35258.0,36013.77,68437.80187,1651881599999,1214518,35472.39,0
2022-05-07,36013.77,36146.3,34785.0,35472.39,34281.70682,1651967999999,746488,34038.4,0
2022-05-08,35472.4,35514.22,33713.95,34038.4,72445.64344,1652054399999,1301451,30076.31,0
2022-05-09,34038.39,34243.15,30033.33,30076.31,191876.926428,1652140799999,2564538,31017.1,1
2022-05-10,30074.23,32658.99,29730.4,31017.1,165532.00311,1652227199999,2470325,29103.94,0
2022-05-11,31017.11,32162.59,27785.0,29103.94,207063.739278,1652313599999,3559270,29029.75,0
2022-05-12,29103.94,30243.0,26700.0,29029.75,204507.263138,1652399999999,3951233,29287.05,1
2022-05-13,29029.74,31083.37,28751.67,29287.05,97872.36957,1652486399999,2051900,30086.74,1
2022-05-14,29287.05,30343.27,28630.0,30086.74,51095.87863,1652572799999,1204626,31328.89,1
2022-05-15,30086.74,31460.0,29480.0,31328.89,46275.66912,1652659199999,1016769,29874.01,0
2022-05-16,31328.89,31328.9,29087.04,29874.01,73082.19658,1652745599999,1561954,30444.93,1
2022-05-17,29874.01,30788.37,29450.38,30444.93,56724.13307,1652831999999,1175382,28715.32,0
2022-05-18,30444.93,30709.99,28654.47,28715.32,59749.15799,1652918399999,1379212,30319.23,1
2022-05-19,28715.33,30545.18,28691.38,30319.23,67877.36415,1653004799999,1860780,29201.01,0
2022-05-20,30319.22,30777.33,28730.0,29201.01,60517.25325,1653091199999,1694004,29445.06,1
2022-05-21,29201.01,29656.18,28947.28,29445.06,20987.13124,1653177599999,643486,30293.94,1
2022-05-22,29445.07,30487.99,29255.11,30293.94,36158.98748,1653263999999,862880,29109.15,0
2022-05-23,30293.93,30670.51,28866.35,29109.15,63901.49932,1653350399999,1328317,29654.58,1
2022-05-24,29109.14,29845.86,28669.0,29654.58,59442.96036,1653436799999,946421,29542.15,0
2022-05-25,29654.58,30223.74,29294.21,29542.15,59537.38659,1653523199999,985440,29201.35,0
2022-05-26,29542.14,29886.64,28019.56,29201.35,94581.65463,1653609599999,1431112,28629.8,0
2022-05-27,29201.35,29397.66,28282.9,28629.8,90998.5201,1653695999999,1321406,29031.33,1
2022-05-28,28629.81,29266.0,28450.0,29031.33,34479.35127,1653782399999,684423,29468.1,1
2022-05-29,29031.33,29587.78,28839.21,29468.1,27567.34764,1653868799999,635311,31734.22,1
2022-05-30,29468.1,32222.0,29299.62,31734.22,96785.9476,1653955199999,1380410,31801.04,1
2022-05-31,31734.23,32399.0,31200.01,31801.04,62433.11632,1654041599999,1161340,29805.83,0
2022-06-01,31801.05,31982.97,29301.0,29805.83,103395.63382,1654127999999,1404611,30452.62,1
2022-06-02,29805.84,30689.0,29594.55,30452.62,56961.42928,1654214399999,1086183,29700.21,0
2022-06-03,30452.63,30699.0,29282.36,29700.21,54067.44727,1654300799999,993769,29864.04,1
2022-06-04,29700.21,29988.88,29485.0,29864.04,25617.90113,1654387199999,618037,29919.21,1
2022-06-05,29864.03,30189.0,29531.42,29919.21,23139.9281,1654473599999,604680,31373.1,1
2022-06-06,29919.2,31765.64,29890.23,31373.1,68836.92456,1654559999999,1124745,31125.33,0
2022-06-07,31373.1,31589.6,29218.96,31125.33,110674.51658,1654646399999,1743957,30204.77,0
2022-06-08,31125.32,31327.22,29843.88,30204.77,68542.61276,1654732799999,1236327,30109.93,0
2022-06-09,30204.77,30700.0,29944.1,30109.93,46291.1865,1654819199999,841562,29091.88,0
2022-06-10,30109.93,30382.8,28850.0,29091.88,76204.2498,1654905599999,1258608,28424.7,0
2022-06-11,29091.87,29440.41,28099.99,28424.7,65901.39895,1654991999999,1084163,26574.53,0
2022-06-12,28424.71,28544.96,26560.0,26574.53,92474.598809,1655078399999,1451271,22487.41,0
2022-06-13,26574.53,26895.84,21925.77,22487.41,254611.034966,1655164799999,3261484,22136.41,0
2022-06-14,22485.27,23362.88,20846.0,22136.41,187201.64671,1655251199999,2583151,22583.72,1
2022-06-15,22136.42,22800.0,20111.62,22583.72,200774.493467,1655337599999,2847831,20401.31,0
2022-06-16,22583.72,22995.73,20232.0,20401.31,99673.59429,1655423999999,1690477,20468.81,1
2022-06-17,20400.6,21365.43,20246.66,20468.81,86694.33663,1655510399999,1352992,18970.79,0
2022-06-18,20468.81,20792.06,17622.0,18970.79,196441.655524,1655596799999,2467372,20574.0,1
2022-06-19,18970.79,20815.95,17960.41,20574.0,128320.87595,1655683199999,1950660,20573.89,0
2022-06-20,20574.0,21090.0,19637.03,20573.89,109028.94154,1655769599999,1639448,20723.52,1
2022-06-21,20573.9,21723.0,20348.4,20723.52,104371.0749,1655855999999,1515321,19987.99,0
2022-06-22,20723.51,20900.0,19770.51,19987.99,92133.97938,1655942399999,1394981,21110.13,1
2022-06-23,19988.0,21233.0,19890.07,21110.13,83127.08716,1656028799999,1207858,21237.69,1
2022-06-24,21110.12,21558.41,20736.72,21237.69,77430.36622,1656115199999,1309709,21491.19,1
2022-06-25,21237.68,21614.5,20906.62,21491.19,51431.67794,1656201599999,874540,21038.07,0
2022-06-26,21491.18,21888.0,20964.73,21038.07,53278.10464,1656287999999,885306,20742.56,0
2022-06-27,21038.08,21539.85,20510.0,20742.56,64475.0013,1656374399999,1002214,20281.29,0
2022-06-28,20742.57,21212.1,20202.01,20281.29,63801.0832,1656460799999,1064497,20123.01,0
2022-06-29,20281.28,20432.31,19854.92,20123.01,77309.04379,1656547199999,1210636,19942.21,0
2022-06-30,20123.0,20179.08,18626.0,19942.21,93846.64806,1656633599999,1438163,19279.8,0
2022-07-01,19942.21,20918.35,18975.0,19279.8,111844.59494,1656719999999,1668363,19252.81,0
2022-07-02,19279.8,19467.39,18977.01,19252.81,46180.3021,1656806399999,833508,19315.83,1
2022-07-03,19252.82,19647.63,18781.0,19315.83,51087.46631,1656892799999,880786,20236.71,1
2022-07-04,19315.83,20354.01,19055.31,20236.71,74814.04601,1656979199999,1282843,20175.83,0
2022-07-05,20236.71,20750.0,19304.4,20175.83,96041.13756,1657065599999,1612273,20564.51,1
2022-07-06,20175.84,20675.22,19761.25,20564.51,82439.5808,1657151999999,1472221,21624.98,1
2022-07-07,20564.51,21838.1,20251.68,21624.98,85014.58261,1657238399999,1653722,21594.75,0
2022-07-08,21624.99,22527.37,21189.26,21594.75,403081.57349,1657324799999,4358216,21591.83,0
2022-07-09,21594.75,21980.0,21322.12,21591.83,178417.84468,1657411199999,3524386,20862.47,0
2022-07-10,21592.15,21607.65,20655.0,20862.47,192188.21556,1657497599999,3434401,19963.61,0
2022-07-11,20861.11,20868.48,19875.23,19963.61,137535.40724,1657583999999,3232941,19328.75,0
2022-07-12,19963.61,20059.42,19240.0,19328.75,139506.45862,1657670399999,3626399,20234.87,1
2022-07-13,19331.28,20366.61,18910.94,20234.87,209250.24888,1657756799999,4789109,20588.84,1
2022-07-14,20234.87,20900.0,19616.07,20588.84,174809.21696,1657843199999,4576355,20830.04,1
2022-07-15,20588.84,21200.0,20382.29,20830.04,143343.3049,1657929599999,4411375,21195.6,1
2022-07-16,20830.04,21588.94,20478.61,21195.6,121011.67393,1658015999999,3723401,20798.16,0
2022-07-17,21195.6,21684.54,20750.01,20798.16,118229.4525,1658102399999,4261057,22432.58,1
2022-07-18,20799.58,22777.63,20762.45,22432.58,239942.73132,1658188799999,6564387,23396.62,1
2022-07-19,22432.58,23800.0,21579.54,23396.62,263770.76574,1658275199999,6488375,23223.3,0
2022-07-20,23398.48,24276.74,22906.19,23223.3,238762.17094,1658361599999,6364038,23152.19,0
2022-07-21,23223.3,23442.77,22341.46,23152.19,184817.68191,1658447999999,4808194,22684.83,0
2022-07-22,23152.19,23756.49,22500.0,22684.83,171598.43966,1658534399999,4745582,22451.07,0
2022-07-23,22684.83,23000.77,21934.57,22451.07,122137.77375,1658620799999,3762227,22579.68,1
2022-07-24,22448.58,23014.64,22257.15,22579.68,115189.67277,1658707199999,3671238,21310.9,0
2022-07-25,22577.13,22666.0,21250.0,21310.9,180344.76643,1658793599999,4807238,21254.67,0
2022-07-26,21310.9,21347.82,20706.5,21254.67,177817.24326,1658879999999,4545385,22952.45,1
2022-07-27,21254.67,23112.63,21042.53,22952.45,210971.19796,1658966399999,5475738,23842.93,1
2022-07-28,22954.31,24199.72,22582.13,23842.93,236029.0741,1659052799999,6500034,23773.75,0
2022-07-29,23845.25,24442.66,23414.03,23773.75,198298.50623,1659139199999,6221401,23643.51,0
2022-07-30,23777.28,24668.0,23502.25,23643.51,151060.13211,1659225599999,4801528,23293.32,0
2022-07-31,23644.64,24194.82,23227.31,23293.32,127743.32483,1659311999999,4463721,23268.01,0
2022-08-01,23296.36,23509.68,22850.0,23268.01,144210.16219,1659398399999,4775213,22987.79,0
2022-08-02,23266.9,23459.89,22654.37,22987.79,158073.28225,1659484799999,5066511,22818.37,0
2022-08-03,22985.93,23647.68,22681.22,22818.37,145948.80995,1659571199999,4887642,22622.98,0
2022-08-04,22816.91,23223.32,22400.0,22622.98,154854.67016,1659657599999,4966138,23312.42,1
2022-08-05,22622.41,23472.86,22586.95,23312.42,175251.69749,1659743999999,5340569,22954.21,0
2022-08-06,23313.56,23354.36,22909.52,22954.21,83911.80307,1659830399999,3360228,23174.39,1
2022-08-07,22954.21,23402.0,22844.62,23174.39,88890.00877,1659916799999,3646643,23810.0,1
2022-08-08,23174.39,24245.0,23154.25,23810.0,170958.44152,1660003199999,5892045,23149.95,0
2022-08-09,23810.98,23933.25,22865.0,23149.95,143182.50858,1660089599999,5105613,23954.05,1
2022-08-10,23151.32,24226.0,22664.69,23954.05,208916.54953,1660175999999,6818207,23934.39,0
2022-08-11,23954.05,24918.54,23852.13,23934.39,249759.79557,1660262399999,8269994,24403.68,1
2022-08-12,23933.09,24456.5,23583.0,24403.68,174207.5704,1660348799999,6134163,24441.38,1
2022-08-13,24401.7,24888.0,24291.22,24441.38,152852.25435,1660435199999,5617859,24305.24,0
2022-08-14,24443.06,25047.56,24144.0,24305.24,151206.14473,1660521599999,5473905,24094.82,0
2022-08-15,24305.25,25211.32,23773.22,24094.82,242539.54758,1660607999999,7488466,23854.74,0
2022-08-16,24093.04,24247.49,23671.22,23854.74,179324.94821,1660694399999,5978567,23342.66,0
2022-08-17,23856.15,24446.71,23180.4,23342.66,210668.68766,1660780799999,6901586,23191.2,0
2022-08-18,23342.66,23600.0,23111.04,23191.2,144185.97011,1660867199999,6029662,20834.39,0
2022-08-19,23191.45,23208.67,20783.57,20834.39,283995.87747,1660953599999,8860928,21140.07,1
2022-08-20,20834.39,21382.85,20761.9,21140.07,183041.68363,1661039999999,5723362,21515.61,1
2022-08-21,21140.07,21800.0,21069.11,21515.61,159200.6841,1661126399999,5034461,21399.83,0
2022-08-22,21516.7,21548.71,20890.18,21399.83,222222.04526,1661212799999,6443370,21529.12,1
2022-08-23,21400.75,21684.87,20890.14,21529.12,200967.77164,1661299199999,6333442,21368.08,0
2022-08-24,21529.11,21900.0,21145.0,21368.08,174383.22046,1661385599999,5561412,21559.04,1
2022-08-25,21368.05,21819.88,21310.15,21559.04,169915.78301,1661471999999,5618785,20241.05,0
2022-08-26,21559.04,21886.77,20107.9,20241.05,273811.61955,1661558399999,7587244,20037.6,0
2022-08-27,20239.14,20402.93,19800.0,20037.6,162582.46032,1661644799999,5263328,19555.61,0
2022-08-28,20037.6,20171.18,19520.0,19555.61,139307.95976,1661731199999,4678693,20285.73,1
2022-08-29,19555.61,20433.62,19550.79,20285.73,210509.49545,1661817599999,5840323,19811.66,0
2022-08-30,20287.2,20576.25,19540.0,19811.66,256634.35529,1661903999999,6593178,20050.02,1
2022-08-31,19813.03,20490.0,19797.94,20050.02,276946.60765,1661990399999,6389133,20131.46,1
2022-09-01,20048.44,20208.37,19565.66,20131.46,245289.97263,1662076799999,5937975,19951.86,0
2022-09-02,20132.64,20441.26,19755.29,19951.86,245986.6033,1662163199999,5740705,19831.9,0
2022-09-03,19950.98,20055.93,19652.72,19831.9,146639.03204,1662249599999,3739909,20000.3,1
2022-09-04,19832.45,20029.23,19583.1,20000.3,145588.77893,1662335999999,3838915,19796.84,0
2022-09-05,20000.3,20057.27,19633.83,19796.84,222543.01057,1662422399999,4657233,18790.61,0
2022-09-06,19795.34,20180.0,18649.51,18790.61,356315.05718,1662508799999,7124384,19292.84,1
2022-09-07,18790.61,19464.06,18510.77,19292.84,287394.7788,1662595199999,5597127,19319.77,1
2022-09-08,19292.85,19458.25,19012.0,19319.77,262813.28273,1662681599999,6013826,21360.11,1
2022-09-09,19320.54,21597.22,19291.75,21360.11,428919.74652,1662767999999,7777214,21648.34,1
2022-09-10,21361.62,21810.8,21111.13,21648.34,307997.33504,1662854399999,5615783,21826.87,1
2022-09-11,21647.21,21860.0,21350.0,21826.87,280702.55149,1662940799999,4801844,22395.74,1
2022-09-12,21826.87,22488.0,21538.51,22395.74,395395.61828,1663027199999,6979539,20173.57,0
2022-09-13,22395.44,22799.0,19860.0,20173.57,431915.03333,1663113599999,8126869,20226.71,1
2022-09-14,20173.62,20541.48,19617.62,20226.71,340826.40151,1663199999999,6313052,19701.88,0
2022-09-15,20227.17,20330.24,19497.0,19701.88,333069.76076,1663286399999,6690974,19803.3,1
2022-09-16,19701.88,19890.0,19320.01,19803.3,283791.07064,1663372799999,5120935,20113.62,1
2022-09-17,19803.3,20189.0,19748.08,20113.62,179350.24338,1663459199999,3862666,19416.18,0
2022-09-18,20112.61,20117.26,19335.62,19416.18,254217.46904,1663545599999,4634096,19537.02,1
2022-09-19,19417.45,19686.2,18232.56,19537.02,380512.40306,1663631999999,6820580,18875.0,0
2022-09-20,19537.02,19634.62,18711.87,18875.0,324098.3286,1663718399999,5900070,18461.36,0
2022-09-21,18874.31,19956.0,18125.98,18461.36,385034.10021,1663804799999,6907777,19401.63,1
2022-09-22,18461.36,19550.17,18356.39,19401.63,379321.72111,1663891199999,6251862,19289.91,0
2022-09-23,19401.63,19500.0,18531.42,19289.91,385886.91829,1663977599999,5906265,18920.5,0
2022-09-24,19288.57,19316.14,18805.34,18920.5,239496.56746,1664063999999,3907636,18807.38,0
2022-09-25,18921.99,19180.21,18629.2,18807.38,191191.4492,1664150399999,3714450,19227.82,1
2022-09-26,18809.13,19318.96,18680.72,19227.82,439239.21943,1664236799999,5837041,19079.13,0
2022-09-27,19226.68,20385.86,18816.32,19079.13,593260.74161,1664323199999,8152473,19412.82,1
2022-09-28,19078.1,19790.0,18471.28,19412.82,521385.45547,1664409599999,7357437,19591.51,1
2022-09-29,19412.82,19645.52,18843.01,19591.51,406424.93256,1664495999999,5631615,19422.61,0
2022-09-30,19590.54,20185.0,19155.36,19422.61,444322.9534,1664582399999,6254203,19310.95,0
2022-10-01,19422.61,19484.0,19159.42,19310.95,165625.13959,1664668799999,2470590,19056.8,0
2022-10-02,19312.24,19395.91,18920.35,19056.8,206812.47032,1664755199999,3320217,19629.08,1
2022-10-03,19057.74,19719.1,18959.68,19629.08,293585.75212,1664841599999,4471910,20337.82,1
2022-10-04,19629.08,20475.0,19490.6,20337.82,327012.00127,1664927999999,4871932,20158.26,0
2022-10-05,20337.82,20365.6,19730.0,20158.26,312239.75224,1665014399999,4540004,19960.67,0
2022-10-06,20158.26,20456.6,19853.0,19960.67,320122.1702,1665100799999,5085004,19530.09,0
2022-10-07,19960.67,20068.82,19320.0,19530.09,220874.83913,1665187199999,4324772,19417.96,0
2022-10-08,19530.09,19627.38,19237.14,19417.96,102480.09842,1665273599999,2637385,19439.02,1
2022-10-09,19416.52,19558.0,19316.04,19439.02,113900.82681,1665359999999,2833704,19131.87,0
2022-10-10,19439.96,19525.0,19020.25,19131.87,212509.09849,1665446399999,4432688,19060.0,0
2022-10-11,19131.87,19268.09,18860.0,19060.0,243473.84286,1665532799999,4792106,19155.53,1
2022-10-12,19060.0,19238.31,18965.88,19155.53,213826.26731,1665619199999,4556597,19375.13,1
2022-10-13,19155.1,19513.79,18190.0,19375.13,399756.68337,1665705599999,7470896,19176.93,0
2022-10-14,19375.58,19951.87,19070.37,19176.93,351634.32601,1665791999999,6688310,19069.39,0
2022-10-15,19176.93,19227.68,18975.18,19069.39,113847.64232,1665878399999,3052219,19262.98,1
2022-10-16,19068.4,19425.84,19063.74,19262.98,131894.61885,1665964799999,3438605,19549.86,1
2022-10-17,19262.98,19676.96,19152.03,19549.86,222813.87634,1666051199999,5162979,19327.44,0
2022-10-18,19548.48,19706.66,19091.0,19327.44,260313.07848,1666137599999,5588482,19123.97,0
2022-10-19,19327.44,19360.16,19065.97,19123.97,186137.29538,1666223999999,4545820,19041.92,0
2022-10-20,19123.35,19347.82,18900.0,19041.92,223530.13068,1666310399999,5391090,19164.37,1
2022-10-21,19041.92,19250.0,18650.0,19164.37,269310.75769,1666396799999,5679281,19204.35,1
2022-10-22,19164.37,19257.0,19112.72,19204.35,110403.90837,1666483199999,2887106,19570.4,1
2022-10-23,19204.29,19695.0,19070.11,19570.4,167057.20184,1666569599999,3939703,19329.72,0
2022-10-24,19570.4,19601.15,19157.0,19329.72,256168.14467,1666655999999,5676899,20080.07,1
2022-10-25,19330.6,20415.87,19237.0,20080.07,326370.67061,1666742399999,7214687,20771.59,1
2022-10-26,20079.02,21020.0,20050.41,20771.59,380492.69576,1666828799999,8512349,20295.11,0
2022-10-27,20771.61,20872.21,20200.0,20295.11,328643.57791,1666915199999,7748080,20591.84,1
2022-10-28,20295.11,20750.0,20000.09,20591.84,287039.94569,1667001599999,6638096,20809.67,1
2022-10-29,20591.84,21085.0,20554.01,20809.67,254881.77755,1667087999999,6255599,20627.48,0
2022-10-30,20809.68,20931.21,20515.0,20627.48,192795.60886,1667174399999,4920007,20490.74,0
2022-10-31,20627.48,20845.92,20237.95,20490.74,303567.61628,1667260799999,6571526,20483.62,0
2022-11-01,20490.74,20700.0,20330.74,20483.62,279932.43771,1667347199999,5971938,20151.84,0
2022-11-02,20482.81,20800.0,20048.04,20151.84,373716.27299,1667433599999,7431698,20207.82,1
2022-11-03,20151.84,20393.32,20031.24,20207.82,319185.1544,1667519999999,6948227,21148.52,1
2022-11-04,20207.12,21302.05,20180.96,21148.52,453694.39165,1667606399999,9249613,21299.37,1
2022-11-05,21148.52,21480.65,21080.65,21299.37,245621.98525,1667692799999,5570832,20905.58,0
2022-11-06,21299.37,21365.27,20886.13,20905.58,230036.97217,1667779199999,5268210,20591.13,0
2022-11-07,20905.58,21069.77,20384.89,20591.13,386977.60337,1667865599999,8344242,18547.23,0
2022-11-08,20590.67,20700.88,17166.83,18547.23,760705.362783,1667951999999,14530601,15922.81,0
2022-11-09,18545.38,18587.76,15588.0,15922.81,731926.929729,1668038399999,13605474,17601.15,1
2022-11-10,15922.68,18199.0,15754.26,17601.15,608448.36432,1668124799999,12719887,17070.31,0
2022-11-11,17602.45,17695.0,16361.6,17070.31,393552.86492,1668211199999,9900073,16812.08,0
2022-11-12,17069.98,17119.1,16631.39,16812.08,167819.96035,1668297599999,5046837,16329.85,0
2022-11-13,16813.16,16954.28,16229.0,16329.85,184960.78846,1668383999999,5382834,16619.46,1
2022-11-14,16331.78,17190.0,15815.21,16619.46,380210.7775,1668470399999,9215128,16900.57,1
2022-11-15,16617.72,17134.69,16527.72,16900.57,282461.84391,1668556799999,7200265,16662.76,0
2022-11-16,16900.57,17015.92,16378.61,16662.76,261493.40809,1668643199999,6297404,16692.56,1
2022-11-17,16661.61,16751.0,16410.74,16692.56,228038.97873,1668729599999,5352083,16700.45,1
2022-11-18,16692.56,17011.0,16546.04,16700.45,214224.18184,1668815999999,5114799,16700.68,1
2022-11-19,16699.43,16822.41,16553.53,16700.68,104963.15558,1668902399999,3142123,16280.23,0
2022-11-20,16700.68,16753.33,16180.0,16280.23,154842.13478,1668988799999,4557344,15781.29,0
2022-11-21,16279.5,16319.0,15476.0,15781.29,324096.997753,1669075199999,7440871,16226.94,1
2022-11-22,15781.29,16315.0,15616.63,16226.94,239548.06623,1669161599999,6276097,16603.11,1
2022-11-23,16227.96,16706.0,16160.2,16603.11,264927.70408,1669247999999,6260616,16598.95,0
2022-11-24,16603.11,16812.63,16458.05,16598.95,206565.92346,1669334399999,5031851,16522.14,0
2022-11-25,16599.55,16666.0,16342.81,16522.14,182089.49533,1669420799999,4396465,16458.57,0
2022-11-26,16521.35,16701.99,16385.0,16458.57,181804.81666,1669507199999,3817130,16428.78,0
2022-11-27,16457.61,16600.0,16401.0,16428.78,162025.47607,1669593599999,3362221,16212.91,0
2022-11-28,16428.77,16487.04,15995.27,16212.91,252695.40367,1669679999999,5570407,16442.53,1
2022-11-29,16212.18,16548.71,16100.0,16442.53,248106.25009,1669766399999,5206638,17163.64,1
2022-11-30,16442.91,17249.0,16428.3,17163.64,303019.80719,1669852799999,6519330,16977.37,0
2022-12-01,17165.53,17324.0,16855.01,16977.37,232818.18218,1669939199999,5097720,17092.74,1
2022-12-02,16978.0,17105.73,16787.85,17092.74,202372.2062,1670025599999,4305515,16885.2,0
2022-12-03,17092.13,17188.98,16858.74,16885.2,154542.57306,1670111999999,3308694,17105.7,1
2022-12-04,16885.2,17202.84,16878.25,17105.7,178619.13387,1670198399999,3948990,16966.35,0
2022-12-05,17106.65,17424.25,16867.0,16966.35,233703.29225,1670284799999,5138207,17088.96,1
2022-12-06,16966.35,17107.01,16906.37,17088.96,218730.76883,1670371199999,4416864,16836.64,0
2022-12-07,17088.96,17142.21,16678.83,16836.64,220657.41334,1670457599999,4284989,17224.1,1
2022-12-08,16836.64,17299.0,16733.49,17224.1,236417.97804,1670543999999,4520282,17128.56,0
2022-12-09,17224.1,17360.0,17058.21,17128.56,238422.06465,1670630399999,4282003,17127.49,0
2022-12-10,17128.56,17227.72,17092.0,17127.49,140573.97937,1670716799999,3032257,17085.05,0
2022-12-11,17127.49,17270.99,17071.0,17085.05,155286.47871,1670803199999,3260722,17209.83,1
2022-12-12,17085.05,17241.89,16871.85,17209.83,226227.49694,1670889599999,4463916,17774.7,1
2022-12-13,17208.93,18000.0,17080.14,17774.7,284462.9139,1670975999999,6242080,17803.15,1
2022-12-14,17775.82,18387.95,17660.94,17803.15,266681.22209,1671062399999,5743730,17356.34,0
2022-12-15,17804.01,17854.82,17275.51,17356.34,223701.96882,1671148799999,4789226,16632.12,0
2022-12-16,17356.96,17531.73,16527.32,16632.12,253379.04116,1671235199999,5703001,16776.52,1
2022-12-17,16631.5,16796.82,16579.85,16776.52,144825.66684,1671321599999,3905843,16738.21,0
2022-12-18,16777.54,16863.26,16663.07,16738.21,112619.31646,1671407999999,3369193,16438.88,0
2022-12-19,16739.0,16815.99,16256.3,16438.88,179094.28305,1671494399999,4681887,16895.56,1
2022-12-20,16438.88,17061.27,16397.2,16895.56,248808.92324,1671580799999,5945803,16824.67,0
2022-12-21,16896.15,16925.0,16723.0,16824.67,156810.96362,1671667199999,4375570,16821.43,0
2022-12-22,16824.68,16868.52,16559.85,16821.43,176044.27235,1671753599999,4678640,16778.5,0
2022-12-23,16821.9,16955.14,16731.13,16778.5,161612.00947,1671839999999,4561020,16836.12,1
2022-12-24,16778.52,16869.99,16776.62,16836.12,100224.29096,1671926399999,3076985,16832.11,0
2022-12-25,16835.73,16857.96,16721.0,16832.11,125441.07202,1672012799999,3570157,16919.39,1
2022-12-26,16832.11,16944.52,16791.0,16919.39,124564.00656,1672099199999,3915571,16706.36,0
2022-12-27,16919.39,16972.83,16592.37,16706.36,173749.58616,1672185599999,5047628,16547.31,0
2022-12-28,16706.06,16785.19,16465.33,16547.31,193037.56577,1672271999999,5465468,16633.47,1
2022-12-29,16547.32,16664.41,16488.91,16633.47,160998.47158,1672358399999,4553877,16607.48,0
2022-12-30,16633.47,16677.35,16333.0,16607.48,164916.31174,1672444799999,4310415,16542.4,0
2022-12-31,16607.48,16644.09,16470.0,16542.4,114490.42864,1672531199999,3344374,16616.75,1
2023-01-01,16541.77,16628.0,16499.01,16616.75,96925.41374,1672617599999,3218355,,0
